{"cameraMode":{"drawMode":0,"name":"Shaded","section":"Shading Mode"},"sceneLighting":true,"audioPlay":false,"sceneViewState":{"showFog":true,"showMaterialUpdate":false,"showSkybox":true,"showFlares":true,"showImageEffects":true,"showParticleSystems":true},"in2DMode":false,"pivot":{"x":110.94509887695313,"y":60.968997955322269,"z":96.83914947509766},"rotation":{"x":-0.041725531220436099,"y":-0.819896399974823,"z":-0.07942789793014527,"w":0.5679066181182861},"size":5.186929225921631,"orthographic":false}