{"cameraMode":{"drawMode":0,"name":"Shaded","section":"Shading Mode"},"sceneLighting":true,"audioPlay":false,"sceneViewState":{"showFog":true,"showMaterialUpdate":false,"showSkybox":true,"showFlares":true,"showImageEffects":true,"showParticleSystems":true},"in2DMode":false,"pivot":{"x":48.097721099853519,"y":15.023210525512696,"z":-25.844627380371095},"rotation":{"x":0.07767244428396225,"y":-0.730542778968811,"z":0.08433236926794052,"w":0.6732632517814636},"size":1.6492723226547242,"orthographic":false}