{"cameraMode":{"drawMode":0,"name":"Shaded","section":"Shading Mode"},"sceneLighting":true,"audioPlay":false,"sceneViewState":{"showFog":true,"showMaterialUpdate":false,"showSkybox":true,"showFlares":true,"showImageEffects":true,"showParticleSystems":true},"in2DMode":false,"pivot":{"x":59.34830856323242,"y":160.81800842285157,"z":209.32411193847657},"rotation":{"x":-0.042278219014406207,"y":0.9618411064147949,"z":-0.12149478495121002,"w":-0.2462044507265091},"size":10.953715324401856,"orthographic":false}