{"cameraMode":{"drawMode":0,"name":"Shaded","section":"Shading Mode"},"sceneLighting":true,"audioPlay":false,"sceneViewState":{"showFog":true,"showMaterialUpdate":false,"showSkybox":true,"showFlares":true,"showImageEffects":true,"showParticleSystems":true},"in2DMode":false,"pivot":{"x":-18.927446365356447,"y":22.527088165283204,"z":55.2462158203125},"rotation":{"x":-0.2377752959728241,"y":-0.7006409764289856,"z":0.2704795002937317,"w":-0.6160135865211487},"size":20.62210464477539,"orthographic":false}