{"cameraMode":{"drawMode":0,"name":"Shaded","section":"Shading Mode"},"sceneLighting":false,"audioPlay":false,"sceneViewState":{"showFog":true,"showMaterialUpdate":false,"showSkybox":false,"showFlares":true,"showImageEffects":true,"showParticleSystems":true},"in2DMode":false,"pivot":{"x":-114.21806335449219,"y":45.603057861328128,"z":68.37892150878906},"rotation":{"x":-0.1178177148103714,"y":-0.8772088885307312,"z":0.3331242799758911,"w":-0.3267425298690796},"size":1.862550139427185,"orthographic":false}