{"cameraMode":{"drawMode":0,"name":"Shaded","section":"Shading Mode"},"sceneLighting":false,"audioPlay":false,"sceneViewState":{"showFog":true,"showMaterialUpdate":false,"showSkybox":false,"showFlares":true,"showImageEffects":true,"showParticleSystems":true},"in2DMode":false,"pivot":{"x":-123.14173889160156,"y":46.388526916503909,"z":0.867664098739624},"rotation":{"x":0.10229311883449555,"y":0.8865965008735657,"z":-0.28776443004608157,"w":0.3501778841018677},"size":3.9157168865203859,"orthographic":false}