{"cameraMode":{"drawMode":0,"name":"Shaded","section":"Shading Mode"},"sceneLighting":true,"audioPlay":false,"sceneViewState":{"showFog":true,"showMaterialUpdate":false,"showSkybox":true,"showFlares":true,"showImageEffects":true,"showParticleSystems":true},"in2DMode":false,"pivot":{"x":164.57275390625,"y":216.30496215820313,"z":111.09635162353516},"rotation":{"x":0.3772650957107544,"y":-0.378924161195755,"z":0.1617971509695053,"w":0.8308102488517761},"size":13.183685302734375,"orthographic":false}